{
    "type": "origins:active_self",
    "condition": {
        "type": "origins:in_block",
        "inverted": false,
        "block_condition": {
            "type": "origins:fluid",
            "inverted": false,
            "fluid_condition": {
                "type": "origins:in_tag",
                "inverted": false,
                "tag": "minecraft:water"
            }
        }
    },
    "cooldown": 0,
    "entity_action": {
        "type": "origins:apply_effect",
        "effect": {
            "duration": 10,
            "is_ambient": false,
            "show_particles": false,
            "show_icon": false,
            "effect": "minecraft:water_breathing",
            "amplifier": 1
        }
    },
    "hud_render": {
        "should_render": false,
        "sprite_location": "origins:textures/gui/resource_bar.png"
    },
    "name": "Amphibious",
    "description": "You are an amphibian, so you can breath both on land and in water.",
    "hidden": false
}