{
    "type": "origins:multiple",
    "name": "Big",
    "hidden": false,
    "description": "You are 3 times bigger.",
    "modify_size": {
        "type": "extraorigins:modify_size",
        "scale": 3
    },
    "attribute_modifiers": {
        "type": "origins:attribute",
        "modifiers": [
            {
                "name": "Origin modifier",
                "attribute": "generic.attack_speed",
                "operation": "addition",
                "value": -0.5
            },
            {
                "name": "Origin modifier",
                "attribute": "reach-entity-attributes:attack_range",
                "operation": "addition",
                "value": 0.25
            },
            {
                "name": "Origin modifier",
                "attribute": "reach-entity-attributes:reach",
                "operation": "addition",
                "value": 10
            }
        ]
    },
    "jump_modifier": {
        "type": "origins:modify_jump",
        "modifier": {
            "name": "Origin modifier",
            "operation": "addition",
            "value": 5
        }
    }
}