{
    "type": "origins:multiple",
    "name": "Cat Size",
    "description": "You are half a block big, ha ha short",
    "hidden": false,
    "modify_size": {
        "type": "extraorigins:modify_size",
        "scale": 0.25
    },
    "attribute_modifiers": {
        "type": "origins:attribute",
        "modifiers": [
            {
                "name": "Origin modifier",
                "attribute": "generic.attack_speed",
                "operation": "addition",
                "value": 0.5
            },
            {
                "name": "Origin modifier",
                "attribute": "reach-entity-attributes:attack_range",
                "operation": "addition",
                "value": -0.25
            },
            {
                "name": "Origin modifier",
                "attribute": "reach-entity-attributes:reach",
                "operation": "addition",
                "value": -1
            }
        ]
    },
    "jump_modifier": {
        "type": "origins:modify_jump",
        "modifier": {
            "name": "Origin modifier",
            "operation": "multiply_total",
            "value": -0.3333
        }
    }
}