{
    "type": "origins:multiple",
    "hidden": true,
    "toggle": {
        "type": "origins:toggle",
        "key": {
            "key": "key.origins.ternary_active",
            "continuous": false
        },
        "active_by_default": true
    },
    "climbing": {
        "type": "origins:climbing",
        "condition": {
            "type": "origins:and",
            "conditions": [
                {
                    "type": "origins:collided_horizontally",
                    "inverted": false
                },
                {
                    "type": "origins:power_active",
                    "power": "*:*_toggle",
                    "inverted": false
                }
            ],
            "inverted": false
        },
        "allow_holding": true
    }
}