{
    "type": "origins:swimming",
    "description": "You are much faster in lava, and you can actually see!",
    "name": "Flamming Speed",
    "condition": {
        "type": "origins:in_block",
        "inverted": false,
        "block_condition": {
            "type": "origins:fluid",
            "inverted": false,
            "fluid_condition": {
                "type": "origins:in_tag",
                "inverted": false,
                "tag": "minecraft:lava"
            }
        }
    },
    "hidden": false
}