{
    "type": "origins:modify_swim_speed",
    "condition": {
        "type": "origins:in_block",
        "inverted": false,
        "block_condition": {
            "type": "origins:fluid",
            "inverted": false,
            "fluid_condition": {
                "type": "origins:in_tag",
                "inverted": false,
                "tag": "minecraft:lava"
            }
        }
    },
    "modifier": {
        "operation": "multiply_base",
        "value": 1.5
    },
    "hidden": true
}