{
    "type": "origins:modify_damage_dealt",
    "condition": {
        "type": "origins:in_block",
        "inverted": false,
        "block_condition": {
            "type": "origins:in_tag",
            "inverted": false,
            "tag": "minecraft:fire"
        }
    },
    "damage_condition": {
        "type": "origins:fire",
        "inverted": false
    },
    "modifier": {
        "operation": "addition",
        "value": 5
    },
    "name": "Evaporation",
    "description": "You are a spirit of water, so when you are in fire, you get dealt 5 more hearts of damage (a lot)"
}