{
    "type": "origins:active_self",
    "cooldown": 0,
    "entity_action": {
        "type": "origins:if_else",
        "condition": {
            "type": "origins:status_effect",
            "inverted": false,
            "effect": "minecraft:levitation"
        },
        "if_action": {
            "type": "origins:clear_effect",
            "effect": "minecraft:levitation"
        },
        "else_action": {
            "type": "origins:apply_effect",
            "effect": {
                "duration": 10000,
                "is_ambient": true,
                "show_particles": false,
                "show_icon": false,
                "effect": "minecraft:levitation",
                "amplifier": 3
            }
        }
    },
    "hud_render": {
        "should_render": false,
        "sprite_location": "origins:textures/gui/resource_bar.png"
    },
    "key": {
        "key": "key.jump",
        "continuous": false
    },
    "name": "Flight",
    "description": "You can control the wind currents, \nwhich allows you to fly.",
    "hidden": true
}