{
    "type": "origins:damage_over_time",
    "name": "Hydrophobia",
    "description": "You are a spirit of fire, so water \nevaporates you slowly, although you may counteract this with armor \nand enchantments.",
    "condition": {
        "type": "origins:and",
        "inverted": false,
        "conditions": [
            {
                "type": "origins:in_block",
                "inverted": false,
                "block_condition": {
                    "type": "origins:fluid",
                    "inverted": false,
                    "fluid_condition": {
                        "type": "origins:in_tag",
                        "inverted": false,
                        "tag": "minecraft:water"
                    }
                }
            },
            {
                "type": "origins:in_rain",
                "inverted": false
            }
        ]
    },
    "interval": 20,
    "damage": 2,
    "protection_effectiveness": 1,
    "onset_delay": 0,
    "damage_easy": 0,
    "protection_enchantment": "origins:water_protection",
    "damage_source": {
        "bypasses_armor": true,
        "fire": false,
        "unblockable": true,
        "magic": false,
        "out_of_world": false,
        "name": "hurt_by_water"
    }
}