{
    "type": "origins:stacking_status_effect",
    "name": "Nether Native ",
    "description": "You are native to the nether and so you are slower when in other dimensions and can easily be seen",
    "hidden": false,
    "condition": {
        "type": "origins:dimension",
        "inverted": true,
        "dimension": "minecraft:nether"
    },
    "effects": [
        {
            "duration": 10000000000,
            "is_ambient": false,
            "show_particles": false,
            "show_icon": false,
            "effect": "minecraft:slowness",
            "amplifier": 1
        },
        {
            "duration": 100000000000000,
            "is_ambient": false,
            "show_particles": false,
            "show_icon": false,
            "effect": "minecraft:weakness",
            "amplifier": 1
        },
        {
            "duration": 10000000000,
            "is_ambient": false,
            "show_particles": false,
            "show_icon": false,
            "effect": "minecraft:glowing"
        }
    ],
    "min_stacks": 0,
    "max_stacks": 10,
    "duration_per_stack": 10
}