{
    "type": "origins:prevent_item_use",
    "item_condition": {
        "type": "origins:ingredient",
        "inverted": false,
        "ingredient": {
            "tag": "minecraft:shield",
            "item": "shield"
        }
    },
    "name": "Weird Hands",
    "description": "Your sad spirit hands cannot comfortably hold a shield, so you don't use them.",
    "condition": {
        "value": false,
        "type": "origins:constant",
        "inverted": false
    },
    "hidden": false
}