{
    "type": "origins:attribute",
    "modifiers": [
        {
            "operation": "addition",
            "attribute": "generic.movement_speed",
            "value": -0.3333333333333333
        },
        {
            "operation": "addition",
            "attribute": "generic.max_health",
            "value": 20
        },
        {
            "operation": "addition",
            "attribute": "generic.attack_speed",
            "value": -1
        },
        {
            "operation": "addition",
            "attribute": "generic.knockback_resistance",
            "value": 10
        },
        {
            "operation": "addition",
            "attribute": "generic.attack_damage",
            "value": 10
        }
    ],
    "description": "You are giant so you are slower, stronger and more.",
    "name": "Giant"
}