{
    "type": "origins:stacking_status_effect",
    "condition": {
        "type": "origins:in_block",
        "inverted": false,
        "block_condition": {
            "type": "origins:fluid",
            "inverted": false,
            "fluid_condition": {
                "type": "origins:in_tag",
                "inverted": false,
                "tag": "minecraft:water"
            }
        }
    },
    "name": "Water Breathing",
    "description": "You are a water spirit, so you can \nbreath both on land and in water",
    "hidden": false,
    "min_stacks": 0,
    "max_stacks": 10,
    "duration_per_stack": 20,
    "effects": [
        {
            "duration": 10000000,
            "is_ambient": false,
            "show_particles": false,
            "show_icon": false,
            "effect": "minecraft:water_breathing",
            "amplifier": 1
        }
    ]
}