{
    "type": "origins:stacking_status_effect",
    "hidden": true,
    "min_stacks": 0,
    "max_stacks": 10,
    "duration_per_stack": 10,
    "effects": [
        {
            "duration": 100000000000000,
            "is_ambient": false,
            "show_particles": false,
            "show_icon": false,
            "effect": "minecraft:slowness"
        }
    ],
    "condition": {
        "type": "origins:in_block",
        "inverted": true,
        "block_condition": {
            "type": "origins:fluid",
            "inverted": false,
            "fluid_condition": {
                "type": "origins:in_tag",
                "inverted": false,
                "tag": "minecraft:water"
            }
        }
    }
}