{
    "impact": 2,
    "unchoosable": false,
    "name": "Gangster Cat",
    "icon": "minecraft:gold_ingot",
    "description": "You are a gangster cat! ",
    "powers": [
        "moreorigins:yeet_",
        "origins:fall_immunity",
        "moreorigins:jump",
        "origins:scare_creepers",
        "origins:cat_vision",
        "moreorigins:gangsters_hoard",
        "moreorigins:cat_size",
        "origins:nine_lives",
        "origins:water_vulnerability",
        "origins:more_exhaustion",
        "moreorigins:pent_house",
        "origins:no_shield",
        ""
    ],
    "loading_priority": 3
}